greeting,https://media.tenor.com/QPFrIcymkR8AAAAC/boobs-sexy.gif,,
kiss,https://media.tenor.com/QPFrIcymkR8AAAAC/boobs-sexy.gif,,
slap,https://www.bing.com/th/id/OGC.c4b708faa4ce4c9749826f3d2a4cc4d9?pid=1.7&rurl=https%3a%2f%2fs2.pictoa.com%2fmedia%2fgalleries%2f288%2f337%2f288337601d8535da1ae%2f3897210601d8537f0652.gif&ehk=qkfMe0VLAb7mjOjuM7Xi2ICCPmhpGIxSBVi0StF8KJc%3d,https://www.bing.com/th/id/OGC.bd7ce99e9ac485b1b4519a3ebb07e636?pid=1.7&rurl=https%3a%2f%2fcdn.sex.com%2fimages%2fpinporn%2f2019%2f07%2f04%2f21424214.gif%3fwidth%3d620&ehk=hd5AVcljgkZrya2XvZnt1hPCYKi71Og3JAEZceR70RI%3d,
teasing,https://www.bing.com/th/id/OGC.29b083e428508ef2d964a180a877231b?pid=1.7&rurl=https%3a%2f%2fcdn.sex.com%2fimages%2fpinporn%2f2015%2f11%2f20%2f14354921.gif%3fwidth%3d620%26site%3dsex%26user%3dlowkeyoverwhelmed&ehk=Mfc6OA3o4KK96Nechqhuefxu9lo%2bS2VbaP5pI1b4kiM%3d,https://www.bing.com/th/id/OGC.2d6c3d9a945d100d6d0d457f631424c3?pid=1.7&rurl=https%3a%2f%2fs2.pictoa.com%2fmedia%2fgalleries%2f264%2f366%2f2643665fc6ea26c1ee1%2f36564855fc6ea3487919.gif&ehk=ad3%2fyiGFHMoysoLhlwQrE6ulnMIh2WYEQG0iFhUilDA%3d,https://www.bing.com/th/id/OGC.ae875b4d9883feceacd0307c131b475d?pid=1.7&rurl=https%3a%2f%2fs2.pictoa.com%2fmedia%2fgalleries%2f264%2f366%2f2643665fc6ea26c1ee1%2f36564855fc6ea3a2a967.gif&ehk=addECtdTVDZaqVl7mJhTLWOD4rLnRfhbhvVNfln%2bwL4%3d
flirting,https://media.tenor.com/QPFrIcymkR8AAAAC/boobs-sexy.gif,,
shy,https://www.bing.com/th/id/OGC.c4b708faa4ce4c9749826f3d2a4cc4d9?pid=1.7&rurl=https%3a%2f%2fs2.pictoa.com%2fmedia%2fgalleries%2f288%2f337%2f288337601d8535da1ae%2f3897210601d8537f0652.gif&ehk=qkfMe0VLAb7mjOjuM7Xi2ICCPmhpGIxSBVi0StF8KJc%3d,https://www.bing.com/th/id/OGC.bd7ce99e9ac485b1b4519a3ebb07e636?pid=1.7&rurl=https%3a%2f%2fcdn.sex.com%2fimages%2fpinporn%2f2019%2f07%2f04%2f21424214.gif%3fwidth%3d620&ehk=hd5AVcljgkZrya2XvZnt1hPCYKi71Og3JAEZceR70RI%3d,
confident,https://www.bing.com/th/id/OGC.29b083e428508ef2d964a180a877231b?pid=1.7&rurl=https%3a%2f%2fcdn.sex.com%2fimages%2fpinporn%2f2015%2f11%2f20%2f14354921.gif%3fwidth%3d620%26site%3dsex%26user%3dlowkeyoverwhelmed&ehk=Mfc6OA3o4KK96Nechqhuefxu9lo%2bS2VbaP5pI1b4kiM%3d,https://www.bing.com/th/id/OGC.2d6c3d9a945d100d6d0d457f631424c3?pid=1.7&rurl=https%3a%2f%2fs2.pictoa.com%2fmedia%2fgalleries%2f264%2f366%2f2643665fc6ea26c1ee1%2f36564855fc6ea3487919.gif&ehk=ad3%2fyiGFHMoysoLhlwQrE6ulnMIh2WYEQG0iFhUilDA%3d,https://www.bing.com/th/id/OGC.ae875b4d9883feceacd0307c131b475d?pid=1.7&rurl=https%3a%2f%2fs2.pictoa.com%2fmedia%2fgalleries%2f264%2f366%2f2643665fc6ea26c1ee1%2f36564855fc6ea3a2a967.gif&ehk=addECtdTVDZaqVl7mJhTLWOD4rLnRfhbhvVNfln%2bwL4%3d
seductive_gaze,https://media.tenor.com/QPFrIcymkR8AAAAC/boobs-sexy.gif,,
romantic_tension,https://media.tenor.com/QPFrIcymkR8AAAAC/boobs-sexy.gif,,
whisper,https://www.bing.com/th/id/OGC.c4b708faa4ce4c9749826f3d2a4cc4d9?pid=1.7&rurl=https%3a%2f%2fs2.pictoa.com%2fmedia%2fgalleries%2f288%2f337%2f288337601d8535da1ae%2f3897210601d8537f0652.gif&ehk=qkfMe0VLAb7mjOjuM7Xi2ICCPmhpGIxSBVi0StF8KJc%3d,https://www.bing.com/th/id/OGC.bd7ce99e9ac485b1b4519a3ebb07e636?pid=1.7&rurl=https%3a%2f%2fcdn.sex.com%2fimages%2fpinporn%2f2019%2f07%2f04%2f21424214.gif%3fwidth%3d620&ehk=hd5AVcljgkZrya2XvZnt1hPCYKi71Og3JAEZceR70RI%3d,
fingering,https://www.bing.com/th/id/OGC.29b083e428508ef2d964a180a877231b?pid=1.7&rurl=https%3a%2f%2fcdn.sex.com%2fimages%2fpinporn%2f2015%2f11%2f20%2f14354921.gif%3fwidth%3d620%26site%3dsex%26user%3dlowkeyoverwhelmed&ehk=Mfc6OA3o4KK96Nechqhuefxu9lo%2bS2VbaP5pI1b4kiM%3d,https://www.bing.com/th/id/OGC.2d6c3d9a945d100d6d0d457f631424c3?pid=1.7&rurl=https%3a%2f%2fs2.pictoa.com%2fmedia%2fgalleries%2f264%2f366%2f2643665fc6ea26c1ee1%2f36564855fc6ea3487919.gif&ehk=ad3%2fyiGFHMoysoLhlwQrE6ulnMIh2WYEQG0iFhUilDA%3d,https://www.bing.com/th/id/OGC.ae875b4d9883feceacd0307c131b475d?pid=1.7&rurl=https%3a%2f%2fs2.pictoa.com%2fmedia%2fgalleries%2f264%2f366%2f2643665fc6ea26c1ee1%2f36564855fc6ea3a2a967.gif&ehk=addECtdTVDZaqVl7mJhTLWOD4rLnRfhbhvVNfln%2bwL4%3d
thrusting,https://media.tenor.com/QPFrIcymkR8AAAAC/boobs-sexy.gif,,
oral_sex,https://www.bing.com/th/id/OGC.c4b708faa4ce4c9749826f3d2a4cc4d9?pid=1.7&rurl=https%3a%2f%2fs2.pictoa.com%2fmedia%2fgalleries%2f288%2f337%2f288337601d8535da1ae%2f3897210601d8537f0652.gif&ehk=qkfMe0VLAb7mjOjuM7Xi2ICCPmhpGIxSBVi0StF8KJc%3d,https://www.bing.com/th/id/OGC.bd7ce99e9ac485b1b4519a3ebb07e636?pid=1.7&rurl=https%3a%2f%2fcdn.sex.com%2fimages%2fpinporn%2f2019%2f07%2f04%2f21424214.gif%3fwidth%3d620&ehk=hd5AVcljgkZrya2XvZnt1hPCYKi71Og3JAEZceR70RI%3d,
deep_kiss,https://www.bing.com/th/id/OGC.29b083e428508ef2d964a180a877231b?pid=1.7&rurl=https%3a%2f%2fcdn.sex.com%2fimages%2fpinporn%2f2015%2f11%2f20%2f14354921.gif%3fwidth%3d620%26site%3dsex%26user%3dlowkeyoverwhelmed&ehk=Mfc6OA3o4KK96Nechqhuefxu9lo%2bS2VbaP5pI1b4kiM%3d,https://www.bing.com/th/id/OGC.2d6c3d9a945d100d6d0d457f631424c3?pid=1.7&rurl=https%3a%2f%2fs2.pictoa.com%2fmedia%2fgalleries%2f264%2f366%2f2643665fc6ea26c1ee1%2f36564855fc6ea3487919.gif&ehk=ad3%2fyiGFHMoysoLhlwQrE6ulnMIh2WYEQG0iFhUilDA%3d,https://www.bing.com/th/id/OGC.ae875b4d9883feceacd0307c131b475d?pid=1.7&rurl=https%3a%2f%2fs2.pictoa.com%2fmedia%2fgalleries%2f264%2f366%2f2643665fc6ea26c1ee1%2f36564855fc6ea3a2a967.gif&ehk=addECtdTVDZaqVl7mJhTLWOD4rLnRfhbhvVNfln%2bwL4%3d
biting_lip,https://media.tenor.com/QPFrIcymkR8AAAAC/boobs-sexy.gif,,
licking,https://www.bing.com/th/id/OGC.c4b708faa4ce4c9749826f3d2a4cc4d9?pid=1.7&rurl=https%3a%2f%2fs2.pictoa.com%2fmedia%2fgalleries%2f288%2f337%2f288337601d8535da1ae%2f3897210601d8537f0652.gif&ehk=qkfMe0VLAb7mjOjuM7Xi2ICCPmhpGIxSBVi0StF8KJc%3d,https://www.bing.com/th/id/OGC.bd7ce99e9ac485b1b4519a3ebb07e636?pid=1.7&rurl=https%3a%2f%2fcdn.sex.com%2fimages%2fpinporn%2f2019%2f07%2f04%2f21424214.gif%3fwidth%3d620&ehk=hd5AVcljgkZrya2XvZnt1hPCYKi71Og3JAEZceR70RI%3d,
sucking_breast,https://www.bing.com/th/id/OGC.29b083e428508ef2d964a180a877231b?pid=1.7&rurl=https%3a%2f%2fcdn.sex.com%2fimages%2fpinporn%2f2015%2f11%2f20%2f14354921.gif%3fwidth%3d620%26site%3dsex%26user%3dlowkeyoverwhelmed&ehk=Mfc6OA3o4KK96Nechqhuefxu9lo%2bS2VbaP5pI1b4kiM%3d,https://www.bing.com/th/id/OGC.2d6c3d9a945d100d6d0d457f631424c3?pid=1.7&rurl=https%3a%2f%2fs2.pictoa.com%2fmedia%2fgalleries%2f264%2f366%2f2643665fc6ea26c1ee1%2f36564855fc6ea3487919.gif&ehk=ad3%2fyiGFHMoysoLhlwQrE6ulnMIh2WYEQG0iFhUilDA%3d,https://www.bing.com/th/id/OGC.ae875b4d9883feceacd0307c131b475d?pid=1.7&rurl=https%3a%2f%2fs2.pictoa.com%2fmedia%2fgalleries%2f264%2f366%2f2643665fc6ea26c1ee1%2f36564855fc6ea3a2a967.gif&ehk=addECtdTVDZaqVl7mJhTLWOD4rLnRfhbhvVNfln%2bwL4%3d
sucking_penis,https://media.tenor.com/QPFrIcymkR8AAAAC/boobs-sexy.gif,,
grabbing_waist,https://www.bing.com/th/id/OGC.c4b708faa4ce4c9749826f3d2a4cc4d9?pid=1.7&rurl=https%3a%2f%2fs2.pictoa.com%2fmedia%2fgalleries%2f288%2f337%2f288337601d8535da1ae%2f3897210601d8537f0652.gif&ehk=qkfMe0VLAb7mjOjuM7Xi2ICCPmhpGIxSBVi0StF8KJc%3d,https://www.bing.com/th/id/OGC.bd7ce99e9ac485b1b4519a3ebb07e636?pid=1.7&rurl=https%3a%2f%2fcdn.sex.com%2fimages%2fpinporn%2f2019%2f07%2f04%2f21424214.gif%3fwidth%3d620&ehk=hd5AVcljgkZrya2XvZnt1hPCYKi71Og3JAEZceR70RI%3d,
hand_on_breast,https://www.bing.com/th/id/OGC.29b083e428508ef2d964a180a877231b?pid=1.7&rurl=https%3a%2f%2fcdn.sex.com%2fimages%2fpinporn%2f2015%2f11%2f20%2f14354921.gif%3fwidth%3d620%26site%3dsex%26user%3dlowkeyoverwhelmed&ehk=Mfc6OA3o4KK96Nechqhuefxu9lo%2bS2VbaP5pI1b4kiM%3d,https://www.bing.com/th/id/OGC.2d6c3d9a945d100d6d0d457f631424c3?pid=1.7&rurl=https%3a%2f%2fs2.pictoa.com%2fmedia%2fgalleries%2f264%2f366%2f2643665fc6ea26c1ee1%2f36564855fc6ea3487919.gif&ehk=ad3%2fyiGFHMoysoLhlwQrE6ulnMIh2WYEQG0iFhUilDA%3d,https://www.bing.com/th/id/OGC.ae875b4d9883feceacd0307c131b475d?pid=1.7&rurl=https%3a%2f%2fs2.pictoa.com%2fmedia%2fgalleries%2f264%2f366%2f2643665fc6ea26c1ee1%2f36564855fc6ea3a2a967.gif&ehk=addECtdTVDZaqVl7mJhTLWOD4rLnRfhbhvVNfln%2bwL4%3d
hand_on_thigh,https://media.tenor.com/QPFrIcymkR8AAAAC/boobs-sexy.gif,,
pulling_hair,https://www.bing.com/th/id/OGC.c4b708faa4ce4c9749826f3d2a4cc4d9?pid=1.7&rurl=https%3a%2f%2fs2.pictoa.com%2fmedia%2fgalleries%2f288%2f337%2f288337601d8535da1ae%2f3897210601d8537f0652.gif&ehk=qkfMe0VLAb7mjOjuM7Xi2ICCPmhpGIxSBVi0StF8KJc%3d,https://www.bing.com/th/id/OGC.bd7ce99e9ac485b1b4519a3ebb07e636?pid=1.7&rurl=https%3a%2f%2fcdn.sex.com%2fimages%2fpinporn%2f2019%2f07%2f04%2f21424214.gif%3fwidth%3d620&ehk=hd5AVcljgkZrya2XvZnt1hPCYKi71Og3JAEZceR70RI%3d,
neck_kiss,https://www.bing.com/th/id/OGC.29b083e428508ef2d964a180a877231b?pid=1.7&rurl=https%3a%2f%2fcdn.sex.com%2fimages%2fpinporn%2f2015%2f11%2f20%2f14354921.gif%3fwidth%3d620%26site%3dsex%26user%3dlowkeyoverwhelmed&ehk=Mfc6OA3o4KK96Nechqhuefxu9lo%2bS2VbaP5pI1b4kiM%3d,https://www.bing.com/th/id/OGC.2d6c3d9a945d100d6d0d457f631424c3?pid=1.7&rurl=https%3a%2f%2fs2.pictoa.com%2fmedia%2fgalleries%2f264%2f366%2f2643665fc6ea26c1ee1%2f36564855fc6ea3487919.gif&ehk=ad3%2fyiGFHMoysoLhlwQrE6ulnMIh2WYEQG0iFhUilDA%3d,https://www.bing.com/th/id/OGC.ae875b4d9883feceacd0307c131b475d?pid=1.7&rurl=https%3a%2f%2fs2.pictoa.com%2fmedia%2fgalleries%2f264%2f366%2f2643665fc6ea26c1ee1%2f36564855fc6ea3a2a967.gif&ehk=addECtdTVDZaqVl7mJhTLWOD4rLnRfhbhvVNfln%2bwL4%3d
pin_against_wall,https://media.tenor.com/QPFrIcymkR8AAAAC/boobs-sexy.gif,,
mounted_position,https://www.bing.com/th/id/OGC.c4b708faa4ce4c9749826f3d2a4cc4d9?pid=1.7&rurl=https%3a%2f%2fs2.pictoa.com%2fmedia%2fgalleries%2f288%2f337%2f288337601d8535da1ae%2f3897210601d8537f0652.gif&ehk=qkfMe0VLAb7mjOjuM7Xi2ICCPmhpGIxSBVi0StF8KJc%3d,https://www.bing.com/th/id/OGC.bd7ce99e9ac485b1b4519a3ebb07e636?pid=1.7&rurl=https%3a%2f%2fcdn.sex.com%2fimages%2fpinporn%2f2019%2f07%2f04%2f21424214.gif%3fwidth%3d620&ehk=hd5AVcljgkZrya2XvZnt1hPCYKi71Og3JAEZceR70RI%3d,
cowgirl_position,https://www.bing.com/th/id/OGC.29b083e428508ef2d964a180a877231b?pid=1.7&rurl=https%3a%2f%2fcdn.sex.com%2fimages%2fpinporn%2f2015%2f11%2f20%2f14354921.gif%3fwidth%3d620%26site%3dsex%26user%3dlowkeyoverwhelmed&ehk=Mfc6OA3o4KK96Nechqhuefxu9lo%2bS2VbaP5pI1b4kiM%3d,https://www.bing.com/th/id/OGC.2d6c3d9a945d100d6d0d457f631424c3?pid=1.7&rurl=https%3a%2f%2fs2.pictoa.com%2fmedia%2fgalleries%2f264%2f366%2f2643665fc6ea26c1ee1%2f36564855fc6ea3487919.gif&ehk=ad3%2fyiGFHMoysoLhlwQrE6ulnMIh2WYEQG0iFhUilDA%3d,https://www.bing.com/th/id/OGC.ae875b4d9883feceacd0307c131b475d?pid=1.7&rurl=https%3a%2f%2fs2.pictoa.com%2fmedia%2fgalleries%2f264%2f366%2f2643665fc6ea26c1ee1%2f36564855fc6ea3a2a967.gif&ehk=addECtdTVDZaqVl7mJhTLWOD4rLnRfhbhvVNfln%2bwL4%3d
doggy_position,https://media.tenor.com/QPFrIcymkR8AAAAC/boobs-sexy.gif,,
missionary_position,https://www.bing.com/th/id/OGC.c4b708faa4ce4c9749826f3d2a4cc4d9?pid=1.7&rurl=https%3a%2f%2fs2.pictoa.com%2fmedia%2fgalleries%2f288%2f337%2f288337601d8535da1ae%2f3897210601d8537f0652.gif&ehk=qkfMe0VLAb7mjOjuM7Xi2ICCPmhpGIxSBVi0StF8KJc%3d,https://www.bing.com/th/id/OGC.bd7ce99e9ac485b1b4519a3ebb07e636?pid=1.7&rurl=https%3a%2f%2fcdn.sex.com%2fimages%2fpinporn%2f2019%2f07%2f04%2f21424214.gif%3fwidth%3d620&ehk=hd5AVcljgkZrya2XvZnt1hPCYKi71Og3JAEZceR70RI%3d,
spread_legs,https://www.bing.com/th/id/OGC.29b083e428508ef2d964a180a877231b?pid=1.7&rurl=https%3a%2f%2fcdn.sex.com%2fimages%2fpinporn%2f2015%2f11%2f20%2f14354921.gif%3fwidth%3d620%26site%3dsex%26user%3dlowkeyoverwhelmed&ehk=Mfc6OA3o4KK96Nechqhuefxu9lo%2bS2VbaP5pI1b4kiM%3d,https://www.bing.com/th/id/OGC.2d6c3d9a945d100d6d0d457f631424c3?pid=1.7&rurl=https%3a%2f%2fs2.pictoa.com%2fmedia%2fgalleries%2f264%2f366%2f2643665fc6ea26c1ee1%2f36564855fc6ea3487919.gif&ehk=ad3%2fyiGFHMoysoLhlwQrE6ulnMIh2WYEQG0iFhUilDA%3d,https://www.bing.com/th/id/OGC.ae875b4d9883feceacd0307c131b475d?pid=1.7&rurl=https%3a%2f%2fs2.pictoa.com%2fmedia%2fgalleries%2f264%2f366%2f2643665fc6ea26c1ee1%2f36564855fc6ea3a2a967.gif&ehk=addECtdTVDZaqVl7mJhTLWOD4rLnRfhbhvVNfln%2bwL4%3d
ride_on_top,https://media.tenor.com/QPFrIcymkR8AAAAC/boobs-sexy.gif,,
bend_over_position,https://www.bing.com/th/id/OGC.c4b708faa4ce4c9749826f3d2a4cc4d9?pid=1.7&rurl=https%3a%2f%2fs2.pictoa.com%2fmedia%2fgalleries%2f288%2f337%2f288337601d8535da1ae%2f3897210601d8537f0652.gif&ehk=qkfMe0VLAb7mjOjuM7Xi2ICCPmhpGIxSBVi0StF8KJc%3d,https://www.bing.com/th/id/OGC.bd7ce99e9ac485b1b4519a3ebb07e636?pid=1.7&rurl=https%3a%2f%2fcdn.sex.com%2fimages%2fpinporn%2f2019%2f07%2f04%2f21424214.gif%3fwidth%3d620&ehk=hd5AVcljgkZrya2XvZnt1hPCYKi71Og3JAEZceR70RI%3d,
leg_wrap,https://www.bing.com/th/id/OGC.29b083e428508ef2d964a180a877231b?pid=1.7&rurl=https%3a%2f%2fcdn.sex.com%2fimages%2fpinporn%2f2015%2f11%2f20%2f14354921.gif%3fwidth%3d620%26site%3dsex%26user%3dlowkeyoverwhelmed&ehk=Mfc6OA3o4KK96Nechqhuefxu9lo%2bS2VbaP5pI1b4kiM%3d,https://www.bing.com/th/id/OGC.2d6c3d9a945d100d6d0d457f631424c3?pid=1.7&rurl=https%3a%2f%2fs2.pictoa.com%2fmedia%2fgalleries%2f264%2f366%2f2643665fc6ea26c1ee1%2f36564855fc6ea3487919.gif&ehk=ad3%2fyiGFHMoysoLhlwQrE6ulnMIh2WYEQG0iFhUilDA%3d,https://www.bing.com/th/id/OGC.ae875b4d9883feceacd0307c131b475d?pid=1.7&rurl=https%3a%2f%2fs2.pictoa.com%2fmedia%2fgalleries%2f264%2f366%2f2643665fc6ea26c1ee1%2f36564855fc6ea3a2a967.gif&ehk=addECtdTVDZaqVl7mJhTLWOD4rLnRfhbhvVNfln%2bwL4%3d
leg_lift,https://media.tenor.com/QPFrIcymkR8AAAAC/boobs-sexy.gif,,
back_arched,https://www.bing.com/th/id/OGC.c4b708faa4ce4c9749826f3d2a4cc4d9?pid=1.7&rurl=https%3a%2f%2fs2.pictoa.com%2fmedia%2fgalleries%2f288%2f337%2f288337601d8535da1ae%2f3897210601d8537f0652.gif&ehk=qkfMe0VLAb7mjOjuM7Xi2ICCPmhpGIxSBVi0StF8KJc%3d,https://www.bing.com/th/id/OGC.bd7ce99e9ac485b1b4519a3ebb07e636?pid=1.7&rurl=https%3a%2f%2fcdn.sex.com%2fimages%2fpinporn%2f2019%2f07%2f04%2f21424214.gif%3fwidth%3d620&ehk=hd5AVcljgkZrya2XvZnt1hPCYKi71Og3JAEZceR70RI%3d,
slow_tease,https://www.bing.com/th/id/OGC.29b083e428508ef2d964a180a877231b?pid=1.7&rurl=https%3a%2f%2fcdn.sex.com%2fimages%2fpinporn%2f2015%2f11%2f20%2f14354921.gif%3fwidth%3d620%26site%3dsex%26user%3dlowkeyoverwhelmed&ehk=Mfc6OA3o4KK96Nechqhuefxu9lo%2bS2VbaP5pI1b4kiM%3d,https://www.bing.com/th/id/OGC.2d6c3d9a945d100d6d0d457f631424c3?pid=1.7&rurl=https%3a%2f%2fs2.pictoa.com%2fmedia%2fgalleries%2f264%2f366%2f2643665fc6ea26c1ee1%2f36564855fc6ea3487919.gif&ehk=ad3%2fyiGFHMoysoLhlwQrE6ulnMIh2WYEQG0iFhUilDA%3d,https://www.bing.com/th/id/OGC.ae875b4d9883feceacd0307c131b475d?pid=1.7&rurl=https%3a%2f%2fs2.pictoa.com%2fmedia%2fgalleries%2f264%2f366%2f2643665fc6ea26c1ee1%2f36564855fc6ea3a2a967.gif&ehk=addECtdTVDZaqVl7mJhTLWOD4rLnRfhbhvVNfln%2bwL4%3d
climax_building,https://media.tenor.com/QPFrIcymkR8AAAAC/boobs-sexy.gif,,
saree,https://www.bing.com/th/id/OGC.c4b708faa4ce4c9749826f3d2a4cc4d9?pid=1.7&rurl=https%3a%2f%2fs2.pictoa.com%2fmedia%2fgalleries%2f288%2f337%2f288337601d8535da1ae%2f3897210601d8537f0652.gif&ehk=qkfMe0VLAb7mjOjuM7Xi2ICCPmhpGIxSBVi0StF8KJc%3d,https://www.bing.com/th/id/OGC.bd7ce99e9ac485b1b4519a3ebb07e636?pid=1.7&rurl=https%3a%2f%2fcdn.sex.com%2fimages%2fpinporn%2f2019%2f07%2f04%2f21424214.gif%3fwidth%3d620&ehk=hd5AVcljgkZrya2XvZnt1hPCYKi71Og3JAEZceR70RI%3d,
blouse_and_saree,https://www.bing.com/th/id/OGC.29b083e428508ef2d964a180a877231b?pid=1.7&rurl=https%3a%2f%2fcdn.sex.com%2fimages%2fpinporn%2f2015%2f11%2f20%2f14354921.gif%3fwidth%3d620%26site%3dsex%26user%3dlowkeyoverwhelmed&ehk=Mfc6OA3o4KK96Nechqhuefxu9lo%2bS2VbaP5pI1b4kiM%3d,https://www.bing.com/th/id/OGC.2d6c3d9a945d100d6d0d457f631424c3?pid=1.7&rurl=https%3a%2f%2fs2.pictoa.com%2fmedia%2fgalleries%2f264%2f366%2f2643665fc6ea26c1ee1%2f36564855fc6ea3487919.gif&ehk=ad3%2fyiGFHMoysoLhlwQrE6ulnMIh2WYEQG0iFhUilDA%3d,https://www.bing.com/th/id/OGC.ae875b4d9883feceacd0307c131b475d?pid=1.7&rurl=https%3a%2f%2fs2.pictoa.com%2fmedia%2fgalleries%2f264%2f366%2f2643665fc6ea26c1ee1%2f36564855fc6ea3a2a967.gif&ehk=addECtdTVDZaqVl7mJhTLWOD4rLnRfhbhvVNfln%2bwL4%3d
ghagra_choli,https://media.tenor.com/QPFrIcymkR8AAAAC/boobs-sexy.gif,,
salwar_kameez,https://www.bing.com/th/id/OGC.c4b708faa4ce4c9749826f3d2a4cc4d9?pid=1.7&rurl=https%3a%2f%2fs2.pictoa.com%2fmedia%2fgalleries%2f288%2f337%2f288337601d8535da1ae%2f3897210601d8537f0652.gif&ehk=qkfMe0VLAb7mjOjuM7Xi2ICCPmhpGIxSBVi0StF8KJc%3d,https://www.bing.com/th/id/OGC.bd7ce99e9ac485b1b4519a3ebb07e636?pid=1.7&rurl=https%3a%2f%2fcdn.sex.com%2fimages%2fpinporn%2f2019%2f07%2f04%2f21424214.gif%3fwidth%3d620&ehk=hd5AVcljgkZrya2XvZnt1hPCYKi71Og3JAEZceR70RI%3d,
kurti_and_jeans,https://www.bing.com/th/id/OGC.29b083e428508ef2d964a180a877231b?pid=1.7&rurl=https%3a%2f%2fcdn.sex.com%2fimages%2fpinporn%2f2015%2f11%2f20%2f14354921.gif%3fwidth%3d620%26site%3dsex%26user%3dlowkeyoverwhelmed&ehk=Mfc6OA3o4KK96Nechqhuefxu9lo%2bS2VbaP5pI1b4kiM%3d,https://www.bing.com/th/id/OGC.2d6c3d9a945d100d6d0d457f631424c3?pid=1.7&rurl=https%3a%2f%2fs2.pictoa.com%2fmedia%2fgalleries%2f264%2f366%2f2643665fc6ea26c1ee1%2f36564855fc6ea3487919.gif&ehk=ad3%2fyiGFHMoysoLhlwQrE6ulnMIh2WYEQG0iFhUilDA%3d,https://www.bing.com/th/id/OGC.ae875b4d9883feceacd0307c131b475d?pid=1.7&rurl=https%3a%2f%2fs2.pictoa.com%2fmedia%2fgalleries%2f264%2f366%2f2643665fc6ea26c1ee1%2f36564855fc6ea3a2a967.gif&ehk=addECtdTVDZaqVl7mJhTLWOD4rLnRfhbhvVNfln%2bwL4%3d
t_shirt_and_jeans,https://media.tenor.com/QPFrIcymkR8AAAAC/boobs-sexy.gif,,
crop_top,https://www.bing.com/th/id/OGC.c4b708faa4ce4c9749826f3d2a4cc4d9?pid=1.7&rurl=https%3a%2f%2fs2.pictoa.com%2fmedia%2fgalleries%2f288%2f337%2f288337601d8535da1ae%2f3897210601d8537f0652.gif&ehk=qkfMe0VLAb7mjOjuM7Xi2ICCPmhpGIxSBVi0StF8KJc%3d,https://www.bing.com/th/id/OGC.bd7ce99e9ac485b1b4519a3ebb07e636?pid=1.7&rurl=https%3a%2f%2fcdn.sex.com%2fimages%2fpinporn%2f2019%2f07%2f04%2f21424214.gif%3fwidth%3d620&ehk=hd5AVcljgkZrya2XvZnt1hPCYKi71Og3JAEZceR70RI%3d,
tank_top,https://www.bing.com/th/id/OGC.29b083e428508ef2d964a180a877231b?pid=1.7&rurl=https%3a%2f%2fcdn.sex.com%2fimages%2fpinporn%2f2015%2f11%2f20%2f14354921.gif%3fwidth%3d620%26site%3dsex%26user%3dlowkeyoverwhelmed&ehk=Mfc6OA3o4KK96Nechqhuefxu9lo%2bS2VbaP5pI1b4kiM%3d,https://www.bing.com/th/id/OGC.2d6c3d9a945d100d6d0d457f631424c3?pid=1.7&rurl=https%3a%2f%2fs2.pictoa.com%2fmedia%2fgalleries%2f264%2f366%2f2643665fc6ea26c1ee1%2f36564855fc6ea3487919.gif&ehk=ad3%2fyiGFHMoysoLhlwQrE6ulnMIh2WYEQG0iFhUilDA%3d,https://www.bing.com/th/id/OGC.ae875b4d9883feceacd0307c131b475d?pid=1.7&rurl=https%3a%2f%2fs2.pictoa.com%2fmedia%2fgalleries%2f264%2f366%2f2643665fc6ea26c1ee1%2f36564855fc6ea3a2a967.gif&ehk=addECtdTVDZaqVl7mJhTLWOD4rLnRfhbhvVNfln%2bwL4%3d
short_skirt,https://media.tenor.com/QPFrIcymkR8AAAAC/boobs-sexy.gif,,
long_skirt,https://www.bing.com/th/id/OGC.c4b708faa4ce4c9749826f3d2a4cc4d9?pid=1.7&rurl=https%3a%2f%2fs2.pictoa.com%2fmedia%2fgalleries%2f288%2f337%2f288337601d8535da1ae%2f3897210601d8537f0652.gif&ehk=qkfMe0VLAb7mjOjuM7Xi2ICCPmhpGIxSBVi0StF8KJc%3d,https://www.bing.com/th/id/OGC.bd7ce99e9ac485b1b4519a3ebb07e636?pid=1.7&rurl=https%3a%2f%2fcdn.sex.com%2fimages%2fpinporn%2f2019%2f07%2f04%2f21424214.gif%3fwidth%3d620&ehk=hd5AVcljgkZrya2XvZnt1hPCYKi71Og3JAEZceR70RI%3d,
bodycon_dress,https://www.bing.com/th/id/OGC.29b083e428508ef2d964a180a877231b?pid=1.7&rurl=https%3a%2f%2fcdn.sex.com%2fimages%2fpinporn%2f2015%2f11%2f20%2f14354921.gif%3fwidth%3d620%26site%3dsex%26user%3dlowkeyoverwhelmed&ehk=Mfc6OA3o4KK96Nechqhuefxu9lo%2bS2VbaP5pI1b4kiM%3d,https://www.bing.com/th/id/OGC.2d6c3d9a945d100d6d0d457f631424c3?pid=1.7&rurl=https%3a%2f%2fs2.pictoa.com%2fmedia%2fgalleries%2f264%2f366%2f2643665fc6ea26c1ee1%2f36564855fc6ea3487919.gif&ehk=ad3%2fyiGFHMoysoLhlwQrE6ulnMIh2WYEQG0iFhUilDA%3d,https://www.bing.com/th/id/OGC.ae875b4d9883feceacd0307c131b475d?pid=1.7&rurl=https%3a%2f%2fs2.pictoa.com%2fmedia%2fgalleries%2f264%2f366%2f2643665fc6ea26c1ee1%2f36564855fc6ea3a2a967.gif&ehk=addECtdTVDZaqVl7mJhTLWOD4rLnRfhbhvVNfln%2bwL4%3d
backless_dress,https://media.tenor.com/QPFrIcymkR8AAAAC/boobs-sexy.gif,,
off_shoulder_dress,https://www.bing.com/th/id/OGC.c4b708faa4ce4c9749826f3d2a4cc4d9?pid=1.7&rurl=https%3a%2f%2fs2.pictoa.com%2fmedia%2fgalleries%2f288%2f337%2f288337601d8535da1ae%2f3897210601d8537f0652.gif&ehk=qkfMe0VLAb7mjOjuM7Xi2ICCPmhpGIxSBVi0StF8KJc%3d,https://www.bing.com/th/id/OGC.bd7ce99e9ac485b1b4519a3ebb07e636?pid=1.7&rurl=https%3a%2f%2fcdn.sex.com%2fimages%2fpinporn%2f2019%2f07%2f04%2f21424214.gif%3fwidth%3d620&ehk=hd5AVcljgkZrya2XvZnt1hPCYKi71Og3JAEZceR70RI%3d,
sleeveless_top,https://www.bing.com/th/id/OGC.29b083e428508ef2d964a180a877231b?pid=1.7&rurl=https%3a%2f%2fcdn.sex.com%2fimages%2fpinporn%2f2015%2f11%2f20%2f14354921.gif%3fwidth%3d620%26site%3dsex%26user%3dlowkeyoverwhelmed&ehk=Mfc6OA3o4KK96Nechqhuefxu9lo%2bS2VbaP5pI1b4kiM%3d,https://www.bing.com/th/id/OGC.2d6c3d9a945d100d6d0d457f631424c3?pid=1.7&rurl=https%3a%2f%2fs2.pictoa.com%2fmedia%2fgalleries%2f264%2f366%2f2643665fc6ea26c1ee1%2f36564855fc6ea3487919.gif&ehk=ad3%2fyiGFHMoysoLhlwQrE6ulnMIh2WYEQG0iFhUilDA%3d,https://www.bing.com/th/id/OGC.ae875b4d9883feceacd0307c131b475d?pid=1.7&rurl=https%3a%2f%2fs2.pictoa.com%2fmedia%2fgalleries%2f264%2f366%2f2643665fc6ea26c1ee1%2f36564855fc6ea3a2a967.gif&ehk=addECtdTVDZaqVl7mJhTLWOD4rLnRfhbhvVNfln%2bwL4%3d
deep_neckline,https://media.tenor.com/QPFrIcymkR8AAAAC/boobs-sexy.gif,,
bikini,https://www.bing.com/th/id/OGC.c4b708faa4ce4c9749826f3d2a4cc4d9?pid=1.7&rurl=https%3a%2f%2fs2.pictoa.com%2fmedia%2fgalleries%2f288%2f337%2f288337601d8535da1ae%2f3897210601d8537f0652.gif&ehk=qkfMe0VLAb7mjOjuM7Xi2ICCPmhpGIxSBVi0StF8KJc%3d,https://www.bing.com/th/id/OGC.bd7ce99e9ac485b1b4519a3ebb07e636?pid=1.7&rurl=https%3a%2f%2fcdn.sex.com%2fimages%2fpinporn%2f2019%2f07%2f04%2f21424214.gif%3fwidth%3d620&ehk=hd5AVcljgkZrya2XvZnt1hPCYKi71Og3JAEZceR70RI%3d,
lingerie,https://www.bing.com/th/id/OGC.29b083e428508ef2d964a180a877231b?pid=1.7&rurl=https%3a%2f%2fcdn.sex.com%2fimages%2fpinporn%2f2015%2f11%2f20%2f14354921.gif%3fwidth%3d620%26site%3dsex%26user%3dlowkeyoverwhelmed&ehk=Mfc6OA3o4KK96Nechqhuefxu9lo%2bS2VbaP5pI1b4kiM%3d,https://www.bing.com/th/id/OGC.2d6c3d9a945d100d6d0d457f631424c3?pid=1.7&rurl=https%3a%2f%2fs2.pictoa.com%2fmedia%2fgalleries%2f264%2f366%2f2643665fc6ea26c1ee1%2f36564855fc6ea3487919.gif&ehk=ad3%2fyiGFHMoysoLhlwQrE6ulnMIh2WYEQG0iFhUilDA%3d,https://www.bing.com/th/id/OGC.ae875b4d9883feceacd0307c131b475d?pid=1.7&rurl=https%3a%2f%2fs2.pictoa.com%2fmedia%2fgalleries%2f264%2f366%2f2643665fc6ea26c1ee1%2f36564855fc6ea3a2a967.gif&ehk=addECtdTVDZaqVl7mJhTLWOD4rLnRfhbhvVNfln%2bwL4%3d
nightie,https://media.tenor.com/QPFrIcymkR8AAAAC/boobs-sexy.gif,,
gown,https://www.bing.com/th/id/OGC.c4b708faa4ce4c9749826f3d2a4cc4d9?pid=1.7&rurl=https%3a%2f%2fs2.pictoa.com%2fmedia%2fgalleries%2f288%2f337%2f288337601d8535da1ae%2f3897210601d8537f0652.gif&ehk=qkfMe0VLAb7mjOjuM7Xi2ICCPmhpGIxSBVi0StF8KJc%3d,https://www.bing.com/th/id/OGC.bd7ce99e9ac485b1b4519a3ebb07e636?pid=1.7&rurl=https%3a%2f%2fcdn.sex.com%2fimages%2fpinporn%2f2019%2f07%2f04%2f21424214.gif%3fwidth%3d620&ehk=hd5AVcljgkZrya2XvZnt1hPCYKi71Og3JAEZceR70RI%3d,
braless,https://www.bing.com/th/id/OGC.29b083e428508ef2d964a180a877231b?pid=1.7&rurl=https%3a%2f%2fcdn.sex.com%2fimages%2fpinporn%2f2015%2f11%2f20%2f14354921.gif%3fwidth%3d620%26site%3dsex%26user%3dlowkeyoverwhelmed&ehk=Mfc6OA3o4KK96Nechqhuefxu9lo%2bS2VbaP5pI1b4kiM%3d,https://www.bing.com/th/id/OGC.2d6c3d9a945d100d6d0d457f631424c3?pid=1.7&rurl=https%3a%2f%2fs2.pictoa.com%2fmedia%2fgalleries%2f264%2f366%2f2643665fc6ea26c1ee1%2f36564855fc6ea3487919.gif&ehk=ad3%2fyiGFHMoysoLhlwQrE6ulnMIh2WYEQG0iFhUilDA%3d,https://www.bing.com/th/id/OGC.ae875b4d9883feceacd0307c131b475d?pid=1.7&rurl=https%3a%2f%2fs2.pictoa.com%2fmedia%2fgalleries%2f264%2f366%2f2643665fc6ea26c1ee1%2f36564855fc6ea3a2a967.gif&ehk=addECtdTVDZaqVl7mJhTLWOD4rLnRfhbhvVNfln%2bwL4%3d
no_panty,https://media.tenor.com/QPFrIcymkR8AAAAC/boobs-sexy.gif,,
strip_starting,https://www.bing.com/th/id/OGC.c4b708faa4ce4c9749826f3d2a4cc4d9?pid=1.7&rurl=https%3a%2f%2fs2.pictoa.com%2fmedia%2fgalleries%2f288%2f337%2f288337601d8535da1ae%2f3897210601d8537f0652.gif&ehk=qkfMe0VLAb7mjOjuM7Xi2ICCPmhpGIxSBVi0StF8KJc%3d,https://www.bing.com/th/id/OGC.bd7ce99e9ac485b1b4519a3ebb07e636?pid=1.7&rurl=https%3a%2f%2fcdn.sex.com%2fimages%2fpinporn%2f2019%2f07%2f04%2f21424214.gif%3fwidth%3d620&ehk=hd5AVcljgkZrya2XvZnt1hPCYKi71Og3JAEZceR70RI%3d,
strip_slowly,https://www.bing.com/th/id/OGC.29b083e428508ef2d964a180a877231b?pid=1.7&rurl=https%3a%2f%2fcdn.sex.com%2fimages%2fpinporn%2f2015%2f11%2f20%2f14354921.gif%3fwidth%3d620%26site%3dsex%26user%3dlowkeyoverwhelmed&ehk=Mfc6OA3o4KK96Nechqhuefxu9lo%2bS2VbaP5pI1b4kiM%3d,https://www.bing.com/th/id/OGC.2d6c3d9a945d100d6d0d457f631424c3?pid=1.7&rurl=https%3a%2f%2fs2.pictoa.com%2fmedia%2fgalleries%2f264%2f366%2f2643665fc6ea26c1ee1%2f36564855fc6ea3487919.gif&ehk=ad3%2fyiGFHMoysoLhlwQrE6ulnMIh2WYEQG0iFhUilDA%3d,https://www.bing.com/th/id/OGC.ae875b4d9883feceacd0307c131b475d?pid=1.7&rurl=https%3a%2f%2fs2.pictoa.com%2fmedia%2fgalleries%2f264%2f366%2f2643665fc6ea26c1ee1%2f36564855fc6ea3a2a967.gif&ehk=addECtdTVDZaqVl7mJhTLWOD4rLnRfhbhvVNfln%2bwL4%3d
unbuttoning,https://media.tenor.com/QPFrIcymkR8AAAAC/boobs-sexy.gif,,
pulling_down_skirt,https://www.bing.com/th/id/OGC.c4b708faa4ce4c9749826f3d2a4cc4d9?pid=1.7&rurl=https%3a%2f%2fs2.pictoa.com%2fmedia%2fgalleries%2f288%2f337%2f288337601d8535da1ae%2f3897210601d8537f0652.gif&ehk=qkfMe0VLAb7mjOjuM7Xi2ICCPmhpGIxSBVi0StF8KJc%3d,https://www.bing.com/th/id/OGC.bd7ce99e9ac485b1b4519a3ebb07e636?pid=1.7&rurl=https%3a%2f%2fcdn.sex.com%2fimages%2fpinporn%2f2019%2f07%2f04%2f21424214.gif%3fwidth%3d620&ehk=hd5AVcljgkZrya2XvZnt1hPCYKi71Og3JAEZceR70RI%3d,
pulling_down_panty,https://www.bing.com/th/id/OGC.29b083e428508ef2d964a180a877231b?pid=1.7&rurl=https%3a%2f%2fcdn.sex.com%2fimages%2fpinporn%2f2015%2f11%2f20%2f14354921.gif%3fwidth%3d620%26site%3dsex%26user%3dlowkeyoverwhelmed&ehk=Mfc6OA3o4KK96Nechqhuefxu9lo%2bS2VbaP5pI1b4kiM%3d,https://www.bing.com/th/id/OGC.2d6c3d9a945d100d6d0d457f631424c3?pid=1.7&rurl=https%3a%2f%2fs2.pictoa.com%2fmedia%2fgalleries%2f264%2f366%2f2643665fc6ea26c1ee1%2f36564855fc6ea3487919.gif&ehk=ad3%2fyiGFHMoysoLhlwQrE6ulnMIh2WYEQG0iFhUilDA%3d,https://www.bing.com/th/id/OGC.ae875b4d9883feceacd0307c131b475d?pid=1.7&rurl=https%3a%2f%2fs2.pictoa.com%2fmedia%2fgalleries%2f264%2f366%2f2643665fc6ea26c1ee1%2f36564855fc6ea3a2a967.gif&ehk=addECtdTVDZaqVl7mJhTLWOD4rLnRfhbhvVNfln%2bwL4%3d
bra_sliding_off,https://media.tenor.com/QPFrIcymkR8AAAAC/boobs-sexy.gif,,
undressing_completely,https://www.bing.com/th/id/OGC.c4b708faa4ce4c9749826f3d2a4cc4d9?pid=1.7&rurl=https%3a%2f%2fs2.pictoa.com%2fmedia%2fgalleries%2f288%2f337%2f288337601d8535da1ae%2f3897210601d8537f0652.gif&ehk=qkfMe0VLAb7mjOjuM7Xi2ICCPmhpGIxSBVi0StF8KJc%3d,https://www.bing.com/th/id/OGC.bd7ce99e9ac485b1b4519a3ebb07e636?pid=1.7&rurl=https%3a%2f%2fcdn.sex.com%2fimages%2fpinporn%2f2019%2f07%2f04%2f21424214.gif%3fwidth%3d620&ehk=hd5AVcljgkZrya2XvZnt1hPCYKi71Og3JAEZceR70RI%3d,
seductive_peek,https://www.bing.com/th/id/OGC.29b083e428508ef2d964a180a877231b?pid=1.7&rurl=https%3a%2f%2fcdn.sex.com%2fimages%2fpinporn%2f2015%2f11%2f20%2f14354921.gif%3fwidth%3d620%26site%3dsex%26user%3dlowkeyoverwhelmed&ehk=Mfc6OA3o4KK96Nechqhuefxu9lo%2bS2VbaP5pI1b4kiM%3d,https://www.bing.com/th/id/OGC.2d6c3d9a945d100d6d0d457f631424c3?pid=1.7&rurl=https%3a%2f%2fs2.pictoa.com%2fmedia%2fgalleries%2f264%2f366%2f2643665fc6ea26c1ee1%2f36564855fc6ea3487919.gif&ehk=ad3%2fyiGFHMoysoLhlwQrE6ulnMIh2WYEQG0iFhUilDA%3d,https://www.bing.com/th/id/OGC.ae875b4d9883feceacd0307c131b475d?pid=1.7&rurl=https%3a%2f%2fs2.pictoa.com%2fmedia%2fgalleries%2f264%2f366%2f2643665fc6ea26c1ee1%2f36564855fc6ea3a2a967.gif&ehk=addECtdTVDZaqVl7mJhTLWOD4rLnRfhbhvVNfln%2bwL4%3d
strip_one_by_one,https://media.tenor.com/QPFrIcymkR8AAAAC/boobs-sexy.gif,,
strip_tease_mode,https://www.bing.com/th/id/OGC.c4b708faa4ce4c9749826f3d2a4cc4d9?pid=1.7&rurl=https%3a%2f%2fs2.pictoa.com%2fmedia%2fgalleries%2f288%2f337%2f288337601d8535da1ae%2f3897210601d8537f0652.gif&ehk=qkfMe0VLAb7mjOjuM7Xi2ICCPmhpGIxSBVi0StF8KJc%3d,https://www.bing.com/th/id/OGC.bd7ce99e9ac485b1b4519a3ebb07e636?pid=1.7&rurl=https%3a%2f%2fcdn.sex.com%2fimages%2fpinporn%2f2019%2f07%2f04%2f21424214.gif%3fwidth%3d620&ehk=hd5AVcljgkZrya2XvZnt1hPCYKi71Og3JAEZceR70RI%3d,
mirror_view,https://www.bing.com/th/id/OGC.29b083e428508ef2d964a180a877231b?pid=1.7&rurl=https%3a%2f%2fcdn.sex.com%2fimages%2fpinporn%2f2015%2f11%2f20%2f14354921.gif%3fwidth%3d620%26site%3dsex%26user%3dlowkeyoverwhelmed&ehk=Mfc6OA3o4KK96Nechqhuefxu9lo%2bS2VbaP5pI1b4kiM%3d,https://www.bing.com/th/id/OGC.2d6c3d9a945d100d6d0d457f631424c3?pid=1.7&rurl=https%3a%2f%2fs2.pictoa.com%2fmedia%2fgalleries%2f264%2f366%2f2643665fc6ea26c1ee1%2f36564855fc6ea3487919.gif&ehk=ad3%2fyiGFHMoysoLhlwQrE6ulnMIh2WYEQG0iFhUilDA%3d,https://www.bing.com/th/id/OGC.ae875b4d9883feceacd0307c131b475d?pid=1.7&rurl=https%3a%2f%2fs2.pictoa.com%2fmedia%2fgalleries%2f264%2f366%2f2643665fc6ea26c1ee1%2f36564855fc6ea3a2a967.gif&ehk=addECtdTVDZaqVl7mJhTLWOD4rLnRfhbhvVNfln%2bwL4%3d
over_the_shoulder,https://media.tenor.com/QPFrIcymkR8AAAAC/boobs-sexy.gif,,
shy_smile,https://www.bing.com/th/id/OGC.c4b708faa4ce4c9749826f3d2a4cc4d9?pid=1.7&rurl=https%3a%2f%2fs2.pictoa.com%2fmedia%2fgalleries%2f288%2f337%2f288337601d8535da1ae%2f3897210601d8537f0652.gif&ehk=qkfMe0VLAb7mjOjuM7Xi2ICCPmhpGIxSBVi0StF8KJc%3d,https://www.bing.com/th/id/OGC.bd7ce99e9ac485b1b4519a3ebb07e636?pid=1.7&rurl=https%3a%2f%2fcdn.sex.com%2fimages%2fpinporn%2f2019%2f07%2f04%2f21424214.gif%3fwidth%3d620&ehk=hd5AVcljgkZrya2XvZnt1hPCYKi71Og3JAEZceR70RI%3d,
flirty_wink,https://www.bing.com/th/id/OGC.29b083e428508ef2d964a180a877231b?pid=1.7&rurl=https%3a%2f%2fcdn.sex.com%2fimages%2fpinporn%2f2015%2f11%2f20%2f14354921.gif%3fwidth%3d620%26site%3dsex%26user%3dlowkeyoverwhelmed&ehk=Mfc6OA3o4KK96Nechqhuefxu9lo%2bS2VbaP5pI1b4kiM%3d,https://www.bing.com/th/id/OGC.2d6c3d9a945d100d6d0d457f631424c3?pid=1.7&rurl=https%3a%2f%2fs2.pictoa.com%2fmedia%2fgalleries%2f264%2f366%2f2643665fc6ea26c1ee1%2f36564855fc6ea3487919.gif&ehk=ad3%2fyiGFHMoysoLhlwQrE6ulnMIh2WYEQG0iFhUilDA%3d,https://www.bing.com/th/id/OGC.ae875b4d9883feceacd0307c131b475d?pid=1.7&rurl=https%3a%2f%2fs2.pictoa.com%2fmedia%2fgalleries%2f264%2f366%2f2643665fc6ea26c1ee1%2f36564855fc6ea3a2a967.gif&ehk=addECtdTVDZaqVl7mJhTLWOD4rLnRfhbhvVNfln%2bwL4%3d
panting,https://media.tenor.com/QPFrIcymkR8AAAAC/boobs-sexy.gif,,
breathless,https://www.bing.com/th/id/OGC.c4b708faa4ce4c9749826f3d2a4cc4d9?pid=1.7&rurl=https%3a%2f%2fs2.pictoa.com%2fmedia%2fgalleries%2f288%2f337%2f288337601d8535da1ae%2f3897210601d8537f0652.gif&ehk=qkfMe0VLAb7mjOjuM7Xi2ICCPmhpGIxSBVi0StF8KJc%3d,https://www.bing.com/th/id/OGC.bd7ce99e9ac485b1b4519a3ebb07e636?pid=1.7&rurl=https%3a%2f%2fcdn.sex.com%2fimages%2fpinporn%2f2019%2f07%2f04%2f21424214.gif%3fwidth%3d620&ehk=hd5AVcljgkZrya2XvZnt1hPCYKi71Og3JAEZceR70RI%3d,
arching_back,https://www.bing.com/th/id/OGC.29b083e428508ef2d964a180a877231b?pid=1.7&rurl=https%3a%2f%2fcdn.sex.com%2fimages%2fpinporn%2f2015%2f11%2f20%2f14354921.gif%3fwidth%3d620%26site%3dsex%26user%3dlowkeyoverwhelmed&ehk=Mfc6OA3o4KK96Nechqhuefxu9lo%2bS2VbaP5pI1b4kiM%3d,https://www.bing.com/th/id/OGC.2d6c3d9a945d100d6d0d457f631424c3?pid=1.7&rurl=https%3a%2f%2fs2.pictoa.com%2fmedia%2fgalleries%2f264%2f366%2f2643665fc6ea26c1ee1%2f36564855fc6ea3487919.gif&ehk=ad3%2fyiGFHMoysoLhlwQrE6ulnMIh2WYEQG0iFhUilDA%3d,https://www.bing.com/th/id/OGC.ae875b4d9883feceacd0307c131b475d?pid=1.7&rurl=https%3a%2f%2fs2.pictoa.com%2fmedia%2fgalleries%2f264%2f366%2f2643665fc6ea26c1ee1%2f36564855fc6ea3a2a967.gif&ehk=addECtdTVDZaqVl7mJhTLWOD4rLnRfhbhvVNfln%2bwL4%3d
,https://media.tenor.com/QPFrIcymkR8AAAAC/boobs-sexy.gif,,
spreading_thighs,https://www.bing.com/th/id/OGC.c4b708faa4ce4c9749826f3d2a4cc4d9?pid=1.7&rurl=https%3a%2f%2fs2.pictoa.com%2fmedia%2fgalleries%2f288%2f337%2f288337601d8535da1ae%2f3897210601d8537f0652.gif&ehk=qkfMe0VLAb7mjOjuM7Xi2ICCPmhpGIxSBVi0StF8KJc%3d,https://www.bing.com/th/id/OGC.bd7ce99e9ac485b1b4519a3ebb07e636?pid=1.7&rurl=https%3a%2f%2fcdn.sex.com%2fimages%2fpinporn%2f2019%2f07%2f04%2f21424214.gif%3fwidth%3d620&ehk=hd5AVcljgkZrya2XvZnt1hPCYKi71Og3JAEZceR70RI%3d,
holding_sheet,https://www.bing.com/th/id/OGC.29b083e428508ef2d964a180a877231b?pid=1.7&rurl=https%3a%2f%2fcdn.sex.com%2fimages%2fpinporn%2f2015%2f11%2f20%2f14354921.gif%3fwidth%3d620%26site%3dsex%26user%3dlowkeyoverwhelmed&ehk=Mfc6OA3o4KK96Nechqhuefxu9lo%2bS2VbaP5pI1b4kiM%3d,https://www.bing.com/th/id/OGC.2d6c3d9a945d100d6d0d457f631424c3?pid=1.7&rurl=https%3a%2f%2fs2.pictoa.com%2fmedia%2fgalleries%2f264%2f366%2f2643665fc6ea26c1ee1%2f36564855fc6ea3487919.gif&ehk=ad3%2fyiGFHMoysoLhlwQrE6ulnMIh2WYEQG0iFhUilDA%3d,https://www.bing.com/th/id/OGC.ae875b4d9883feceacd0307c131b475d?pid=1.7&rurl=https%3a%2f%2fs2.pictoa.com%2fmedia%2fgalleries%2f264%2f366%2f2643665fc6ea26c1ee1%2f36564855fc6ea3a2a967.gif&ehk=addECtdTVDZaqVl7mJhTLWOD4rLnRfhbhvVNfln%2bwL4%3d
fingers_between_legs,https://media.tenor.com/QPFrIcymkR8AAAAC/boobs-sexy.gif,,
touching_self,https://www.bing.com/th/id/OGC.c4b708faa4ce4c9749826f3d2a4cc4d9?pid=1.7&rurl=https%3a%2f%2fs2.pictoa.com%2fmedia%2fgalleries%2f288%2f337%2f288337601d8535da1ae%2f3897210601d8537f0652.gif&ehk=qkfMe0VLAb7mjOjuM7Xi2ICCPmhpGIxSBVi0StF8KJc%3d,https://www.bing.com/th/id/OGC.bd7ce99e9ac485b1b4519a3ebb07e636?pid=1.7&rurl=https%3a%2f%2fcdn.sex.com%2fimages%2fpinporn%2f2019%2f07%2f04%2f21424214.gif%3fwidth%3d620&ehk=hd5AVcljgkZrya2XvZnt1hPCYKi71Og3JAEZceR70RI%3d,
moaning,https://www.bing.com/th/id/OGC.29b083e428508ef2d964a180a877231b?pid=1.7&rurl=https%3a%2f%2fcdn.sex.com%2fimages%2fpinporn%2f2015%2f11%2f20%2f14354921.gif%3fwidth%3d620%26site%3dsex%26user%3dlowkeyoverwhelmed&ehk=Mfc6OA3o4KK96Nechqhuefxu9lo%2bS2VbaP5pI1b4kiM%3d,https://www.bing.com/th/id/OGC.2d6c3d9a945d100d6d0d457f631424c3?pid=1.7&rurl=https%3a%2f%2fs2.pictoa.com%2fmedia%2fgalleries%2f264%2f366%2f2643665fc6ea26c1ee1%2f36564855fc6ea3487919.gif&ehk=ad3%2fyiGFHMoysoLhlwQrE6ulnMIh2WYEQG0iFhUilDA%3d,https://www.bing.com/th/id/OGC.ae875b4d9883feceacd0307c131b475d?pid=1.7&rurl=https%3a%2f%2fs2.pictoa.com%2fmedia%2fgalleries%2f264%2f366%2f2643665fc6ea26c1ee1%2f36564855fc6ea3a2a967.gif&ehk=addECtdTVDZaqVl7mJhTLWOD4rLnRfhbhvVNfln%2bwL4%3d
eye_contact,https://media.tenor.com/QPFrIcymkR8AAAAC/boobs-sexy.gif,,
,https://www.bing.com/th/id/OGC.c4b708faa4ce4c9749826f3d2a4cc4d9?pid=1.7&rurl=https%3a%2f%2fs2.pictoa.com%2fmedia%2fgalleries%2f288%2f337%2f288337601d8535da1ae%2f3897210601d8537f0652.gif&ehk=qkfMe0VLAb7mjOjuM7Xi2ICCPmhpGIxSBVi0StF8KJc%3d,https://www.bing.com/th/id/OGC.bd7ce99e9ac485b1b4519a3ebb07e636?pid=1.7&rurl=https%3a%2f%2fcdn.sex.com%2fimages%2fpinporn%2f2019%2f07%2f04%2f21424214.gif%3fwidth%3d620&ehk=hd5AVcljgkZrya2XvZnt1hPCYKi71Og3JAEZceR70RI%3d,
wet_dress,https://www.bing.com/th/id/OGC.29b083e428508ef2d964a180a877231b?pid=1.7&rurl=https%3a%2f%2fcdn.sex.com%2fimages%2fpinporn%2f2015%2f11%2f20%2f14354921.gif%3fwidth%3d620%26site%3dsex%26user%3dlowkeyoverwhelmed&ehk=Mfc6OA3o4KK96Nechqhuefxu9lo%2bS2VbaP5pI1b4kiM%3d,https://www.bing.com/th/id/OGC.2d6c3d9a945d100d6d0d457f631424c3?pid=1.7&rurl=https%3a%2f%2fs2.pictoa.com%2fmedia%2fgalleries%2f264%2f366%2f2643665fc6ea26c1ee1%2f36564855fc6ea3487919.gif&ehk=ad3%2fyiGFHMoysoLhlwQrE6ulnMIh2WYEQG0iFhUilDA%3d,https://www.bing.com/th/id/OGC.ae875b4d9883feceacd0307c131b475d?pid=1.7&rurl=https%3a%2f%2fs2.pictoa.com%2fmedia%2fgalleries%2f264%2f366%2f2643665fc6ea26c1ee1%2f36564855fc6ea3a2a967.gif&ehk=addECtdTVDZaqVl7mJhTLWOD4rLnRfhbhvVNfln%2bwL4%3d
dress_transparent,https://media.tenor.com/QPFrIcymkR8AAAAC/boobs-sexy.gif,,
chest_visible,https://www.bing.com/th/id/OGC.c4b708faa4ce4c9749826f3d2a4cc4d9?pid=1.7&rurl=https%3a%2f%2fs2.pictoa.com%2fmedia%2fgalleries%2f288%2f337%2f288337601d8535da1ae%2f3897210601d8537f0652.gif&ehk=qkfMe0VLAb7mjOjuM7Xi2ICCPmhpGIxSBVi0StF8KJc%3d,https://www.bing.com/th/id/OGC.bd7ce99e9ac485b1b4519a3ebb07e636?pid=1.7&rurl=https%3a%2f%2fcdn.sex.com%2fimages%2fpinporn%2f2019%2f07%2f04%2f21424214.gif%3fwidth%3d620&ehk=hd5AVcljgkZrya2XvZnt1hPCYKi71Og3JAEZceR70RI%3d,
nipples_visible,https://www.bing.com/th/id/OGC.29b083e428508ef2d964a180a877231b?pid=1.7&rurl=https%3a%2f%2fcdn.sex.com%2fimages%2fpinporn%2f2015%2f11%2f20%2f14354921.gif%3fwidth%3d620%26site%3dsex%26user%3dlowkeyoverwhelmed&ehk=Mfc6OA3o4KK96Nechqhuefxu9lo%2bS2VbaP5pI1b4kiM%3d,https://www.bing.com/th/id/OGC.2d6c3d9a945d100d6d0d457f631424c3?pid=1.7&rurl=https%3a%2f%2fs2.pictoa.com%2fmedia%2fgalleries%2f264%2f366%2f2643665fc6ea26c1ee1%2f36564855fc6ea3487919.gif&ehk=ad3%2fyiGFHMoysoLhlwQrE6ulnMIh2WYEQG0iFhUilDA%3d,https://www.bing.com/th/id/OGC.ae875b4d9883feceacd0307c131b475d?pid=1.7&rurl=https%3a%2f%2fs2.pictoa.com%2fmedia%2fgalleries%2f264%2f366%2f2643665fc6ea26c1ee1%2f36564855fc6ea3a2a967.gif&ehk=addECtdTVDZaqVl7mJhTLWOD4rLnRfhbhvVNfln%2bwL4%3d
thighs_visible,https://media.tenor.com/QPFrIcymkR8AAAAC/boobs-sexy.gif,,
,https://www.bing.com/th/id/OGC.c4b708faa4ce4c9749826f3d2a4cc4d9?pid=1.7&rurl=https%3a%2f%2fs2.pictoa.com%2fmedia%2fgalleries%2f288%2f337%2f288337601d8535da1ae%2f3897210601d8537f0652.gif&ehk=qkfMe0VLAb7mjOjuM7Xi2ICCPmhpGIxSBVi0StF8KJc%3d,https://www.bing.com/th/id/OGC.bd7ce99e9ac485b1b4519a3ebb07e636?pid=1.7&rurl=https%3a%2f%2fcdn.sex.com%2fimages%2fpinporn%2f2019%2f07%2f04%2f21424214.gif%3fwidth%3d620&ehk=hd5AVcljgkZrya2XvZnt1hPCYKi71Og3JAEZceR70RI%3d,
back_visible,https://www.bing.com/th/id/OGC.29b083e428508ef2d964a180a877231b?pid=1.7&rurl=https%3a%2f%2fcdn.sex.com%2fimages%2fpinporn%2f2015%2f11%2f20%2f14354921.gif%3fwidth%3d620%26site%3dsex%26user%3dlowkeyoverwhelmed&ehk=Mfc6OA3o4KK96Nechqhuefxu9lo%2bS2VbaP5pI1b4kiM%3d,https://www.bing.com/th/id/OGC.2d6c3d9a945d100d6d0d457f631424c3?pid=1.7&rurl=https%3a%2f%2fs2.pictoa.com%2fmedia%2fgalleries%2f264%2f366%2f2643665fc6ea26c1ee1%2f36564855fc6ea3487919.gif&ehk=ad3%2fyiGFHMoysoLhlwQrE6ulnMIh2WYEQG0iFhUilDA%3d,https://www.bing.com/th/id/OGC.ae875b4d9883feceacd0307c131b475d?pid=1.7&rurl=https%3a%2f%2fs2.pictoa.com%2fmedia%2fgalleries%2f264%2f366%2f2643665fc6ea26c1ee1%2f36564855fc6ea3a2a967.gif&ehk=addECtdTVDZaqVl7mJhTLWOD4rLnRfhbhvVNfln%2bwL4%3d
cleavage_visible,https://media.tenor.com/QPFrIcymkR8AAAAC/boobs-sexy.gif,,
waist_visible,https://www.bing.com/th/id/OGC.c4b708faa4ce4c9749826f3d2a4cc4d9?pid=1.7&rurl=https%3a%2f%2fs2.pictoa.com%2fmedia%2fgalleries%2f288%2f337%2f288337601d8535da1ae%2f3897210601d8537f0652.gif&ehk=qkfMe0VLAb7mjOjuM7Xi2ICCPmhpGIxSBVi0StF8KJc%3d,https://www.bing.com/th/id/OGC.bd7ce99e9ac485b1b4519a3ebb07e636?pid=1.7&rurl=https%3a%2f%2fcdn.sex.com%2fimages%2fpinporn%2f2019%2f07%2f04%2f21424214.gif%3fwidth%3d620&ehk=hd5AVcljgkZrya2XvZnt1hPCYKi71Og3JAEZceR70RI%3d,
seductive_pose,https://www.bing.com/th/id/OGC.29b083e428508ef2d964a180a877231b?pid=1.7&rurl=https%3a%2f%2fcdn.sex.com%2fimages%2fpinporn%2f2015%2f11%2f20%2f14354921.gif%3fwidth%3d620%26site%3dsex%26user%3dlowkeyoverwhelmed&ehk=Mfc6OA3o4KK96Nechqhuefxu9lo%2bS2VbaP5pI1b4kiM%3d,https://www.bing.com/th/id/OGC.2d6c3d9a945d100d6d0d457f631424c3?pid=1.7&rurl=https%3a%2f%2fs2.pictoa.com%2fmedia%2fgalleries%2f264%2f366%2f2643665fc6ea26c1ee1%2f36564855fc6ea3487919.gif&ehk=ad3%2fyiGFHMoysoLhlwQrE6ulnMIh2WYEQG0iFhUilDA%3d,https://www.bing.com/th/id/OGC.ae875b4d9883feceacd0307c131b475d?pid=1.7&rurl=https%3a%2f%2fs2.pictoa.com%2fmedia%2fgalleries%2f264%2f366%2f2643665fc6ea26c1ee1%2f36564855fc6ea3a2a967.gif&ehk=addECtdTVDZaqVl7mJhTLWOD4rLnRfhbhvVNfln%2bwL4%3d
side_pose,https://media.tenor.com/QPFrIcymkR8AAAAC/boobs-sexy.gif,,
open_mouth,https://www.bing.com/th/id/OGC.c4b708faa4ce4c9749826f3d2a4cc4d9?pid=1.7&rurl=https%3a%2f%2fs2.pictoa.com%2fmedia%2fgalleries%2f288%2f337%2f288337601d8535da1ae%2f3897210601d8537f0652.gif&ehk=qkfMe0VLAb7mjOjuM7Xi2ICCPmhpGIxSBVi0StF8KJc%3d,https://www.bing.com/th/id/OGC.bd7ce99e9ac485b1b4519a3ebb07e636?pid=1.7&rurl=https%3a%2f%2fcdn.sex.com%2fimages%2fpinporn%2f2019%2f07%2f04%2f21424214.gif%3fwidth%3d620&ehk=hd5AVcljgkZrya2XvZnt1hPCYKi71Og3JAEZceR70RI%3d,
,https://www.bing.com/th/id/OGC.29b083e428508ef2d964a180a877231b?pid=1.7&rurl=https%3a%2f%2fcdn.sex.com%2fimages%2fpinporn%2f2015%2f11%2f20%2f14354921.gif%3fwidth%3d620%26site%3dsex%26user%3dlowkeyoverwhelmed&ehk=Mfc6OA3o4KK96Nechqhuefxu9lo%2bS2VbaP5pI1b4kiM%3d,https://www.bing.com/th/id/OGC.2d6c3d9a945d100d6d0d457f631424c3?pid=1.7&rurl=https%3a%2f%2fs2.pictoa.com%2fmedia%2fgalleries%2f264%2f366%2f2643665fc6ea26c1ee1%2f36564855fc6ea3487919.gif&ehk=ad3%2fyiGFHMoysoLhlwQrE6ulnMIh2WYEQG0iFhUilDA%3d,https://www.bing.com/th/id/OGC.ae875b4d9883feceacd0307c131b475d?pid=1.7&rurl=https%3a%2f%2fs2.pictoa.com%2fmedia%2fgalleries%2f264%2f366%2f2643665fc6ea26c1ee1%2f36564855fc6ea3a2a967.gif&ehk=addECtdTVDZaqVl7mJhTLWOD4rLnRfhbhvVNfln%2bwL4%3d